-- MySQL dump 10.13  Distrib 8.0.17, for macos10.14 (x86_64)
--
-- Host: localhost    Database: IdsDB
-- ------------------------------------------------------
-- Server version	8.0.17

/*!40101 SET @OLD_CHARACTER_SET_CLIENT=@@CHARACTER_SET_CLIENT */;
/*!40101 SET @OLD_CHARACTER_SET_RESULTS=@@CHARACTER_SET_RESULTS */;
/*!40101 SET @OLD_COLLATION_CONNECTION=@@COLLATION_CONNECTION */;
/*!50503 SET NAMES utf8mb4 */;
/*!40103 SET @OLD_TIME_ZONE=@@TIME_ZONE */;
/*!40103 SET TIME_ZONE='+00:00' */;
/*!40014 SET @OLD_UNIQUE_CHECKS=@@UNIQUE_CHECKS, UNIQUE_CHECKS=0 */;
/*!40014 SET @OLD_FOREIGN_KEY_CHECKS=@@FOREIGN_KEY_CHECKS, FOREIGN_KEY_CHECKS=0 */;
/*!40101 SET @OLD_SQL_MODE=@@SQL_MODE, SQL_MODE='NO_AUTO_VALUE_ON_ZERO' */;
/*!40111 SET @OLD_SQL_NOTES=@@SQL_NOTES, SQL_NOTES=0 */;

--
-- Table structure for table `attachment`
--

DROP TABLE IF EXISTS `attachment`;
/*!40101 SET @saved_cs_client     = @@character_set_client */;
/*!50503 SET character_set_client = utf8mb4 */;
CREATE TABLE `attachment` (
  `saved_name` varchar(50) NOT NULL,
  `original_name` varchar(255) NOT NULL,
  `user` varchar(15) NOT NULL,
  `date` timestamp NOT NULL DEFAULT CURRENT_TIMESTAMP,
  `visible` tinyint(1) NOT NULL DEFAULT '0',
  PRIMARY KEY (`saved_name`),
  KEY `attachment_user` (`user`),
  CONSTRAINT `attachment_ibfk_1` FOREIGN KEY (`user`) REFERENCES `users` (`user_id`)
) ENGINE=InnoDB DEFAULT CHARSET=latin1;
/*!40101 SET character_set_client = @saved_cs_client */;

--
-- Dumping data for table `attachment`
--

LOCK TABLES `attachment` WRITE;
/*!40000 ALTER TABLE `attachment` DISABLE KEYS */;
/*!40000 ALTER TABLE `attachment` ENABLE KEYS */;
UNLOCK TABLES;

--
-- Table structure for table `contratto`
--

DROP TABLE IF EXISTS `contratto`;
/*!40101 SET @saved_cs_client     = @@character_set_client */;
/*!50503 SET character_set_client = utf8mb4 */;
CREATE TABLE `contratto` (
  `id` int(11) NOT NULL AUTO_INCREMENT,
  `nome` varchar(150) DEFAULT NULL,
  `abi` json DEFAULT NULL,
  `indirizzo` varchar(60) DEFAULT NULL,
  `descrizione` tinytext,
  PRIMARY KEY (`id`),
  UNIQUE KEY `indirizzo` (`indirizzo`)
) ENGINE=InnoDB AUTO_INCREMENT=15 DEFAULT CHARSET=latin1;
/*!40101 SET character_set_client = @saved_cs_client */;

--
-- Dumping data for table `contratto`
--

LOCK TABLES `contratto` WRITE;
/*!40000 ALTER TABLE `contratto` DISABLE KEYS */;
INSERT INTO `contratto` VALUES (1,'Misure','[{\"type\": \"constructor\", \"inputs\": [], \"payable\": false, \"signature\": \"constructor\", \"stateMutability\": \"nonpayable\"}, {\"name\": \"getPercentuale\", \"type\": \"function\", \"inputs\": [{\"name\": \"_codice\", \"type\": \"string\"}], \"outputs\": [{\"name\": \"\", \"type\": \"uint256\"}], \"payable\": false, \"constant\": false, \"signature\": \"0xc71fccb8\", \"stateMutability\": \"nonpayable\"}, {\"name\": \"checkPercentuali\", \"type\": \"function\", \"inputs\": [], \"outputs\": [{\"name\": \"\", \"type\": \"bool\"}], \"payable\": false, \"constant\": false, \"signature\": \"0xf6070aa0\", \"stateMutability\": \"nonpayable\"}, {\"name\": \"setPercentuali\", \"type\": \"function\", \"inputs\": [], \"outputs\": [], \"payable\": false, \"constant\": false, \"signature\": \"0x3d1be3dd\", \"stateMutability\": \"nonpayable\"}, {\"name\": \"getPercentuali\", \"type\": \"function\", \"inputs\": [], \"outputs\": [{\"name\": \"\", \"type\": \"bool\"}], \"payable\": false, \"constant\": false, \"signature\": \"0xad6b4f29\", \"stateMutability\": \"nonpayable\"}, {\"name\": \"getInserimenti\", \"type\": \"function\", \"inputs\": [], \"outputs\": [{\"name\": \"\", \"type\": \"bool\"}], \"payable\": false, \"constant\": false, \"signature\": \"0xc52290a6\", \"stateMutability\": \"nonpayable\"}, {\"name\": \"finishInserimenti\", \"type\": \"function\", \"inputs\": [], \"outputs\": [], \"payable\": false, \"constant\": false, \"signature\": \"0x6ad5e8a6\", \"stateMutability\": \"nonpayable\"}, {\"name\": \"getNumeroLavori\", \"type\": \"function\", \"inputs\": [], \"outputs\": [{\"name\": \"\", \"type\": \"uint256\"}], \"payable\": false, \"constant\": false, \"signature\": \"0x97ba63f8\", \"stateMutability\": \"nonpayable\"}, {\"name\": \"getLavori\", \"type\": \"function\", \"inputs\": [], \"outputs\": [{\"name\": \"\", \"type\": \"string[]\"}, {\"name\": \"\", \"type\": \"string[]\"}, {\"name\": \"\", \"type\": \"uint256[]\"}], \"payable\": false, \"constant\": false, \"signature\": \"0x3552b78a\", \"stateMutability\": \"nonpayable\"}, {\"name\": \"setSuperata\", \"type\": \"function\", \"inputs\": [], \"outputs\": [], \"payable\": false, \"constant\": false, \"signature\": \"0x26442d49\", \"stateMutability\": \"nonpayable\"}, {\"name\": \"getSuperata\", \"type\": \"function\", \"inputs\": [], \"outputs\": [{\"name\": \"\", \"type\": \"bool\"}], \"payable\": false, \"constant\": false, \"signature\": \"0x88865dd2\", \"stateMutability\": \"nonpayable\"}, {\"name\": \"setNonSuperata\", \"type\": \"function\", \"inputs\": [], \"outputs\": [], \"payable\": false, \"constant\": false, \"signature\": \"0x893371c0\", \"stateMutability\": \"nonpayable\"}, {\"name\": \"getNumeroAcconto\", \"type\": \"function\", \"inputs\": [], \"outputs\": [{\"name\": \"\", \"type\": \"uint256\"}], \"payable\": false, \"constant\": false, \"signature\": \"0xb02b5ac3\", \"stateMutability\": \"nonpayable\"}, {\"name\": \"updateNumeroAcconto\", \"type\": \"function\", \"inputs\": [], \"outputs\": [{\"name\": \"\", \"type\": \"uint256\"}], \"payable\": false, \"constant\": false, \"signature\": \"0xeb858b40\", \"stateMutability\": \"nonpayable\"}, {\"name\": \"getSoglia\", \"type\": \"function\", \"inputs\": [], \"outputs\": [{\"name\": \"\", \"type\": \"uint256\"}], \"payable\": false, \"constant\": false, \"signature\": \"0x8c172259\", \"stateMutability\": \"nonpayable\"}, {\"name\": \"updateSoglia\", \"type\": \"function\", \"inputs\": [{\"name\": \"_soglia\", \"type\": \"uint256\"}], \"outputs\": [], \"payable\": false, \"constant\": false, \"signature\": \"0xd0a4bc76\", \"stateMutability\": \"nonpayable\"}, {\"name\": \"addLavoro\", \"type\": \"function\", \"inputs\": [{\"name\": \"_codice\", \"type\": \"string\"}, {\"name\": \"_nome\", \"type\": \"string\"}, {\"name\": \"_costo\", \"type\": \"uint256\"}], \"outputs\": [], \"payable\": false, \"constant\": false, \"signature\": \"0x2f99b4fd\", \"stateMutability\": \"nonpayable\"}, {\"name\": \"checkLavoroInserito\", \"type\": \"function\", \"inputs\": [{\"name\": \"_codice\", \"type\": \"string\"}], \"outputs\": [{\"name\": \"\", \"type\": \"bool\"}], \"payable\": false, \"constant\": false, \"signature\": \"0x44590f89\", \"stateMutability\": \"nonpayable\"}, {\"name\": \"updateLavoro\", \"type\": \"function\", \"inputs\": [{\"name\": \"_codice\", \"type\": \"string\"}, {\"name\": \"_nome\", \"type\": \"string\"}, {\"name\": \"_costo\", \"type\": \"uint256\"}], \"outputs\": [], \"payable\": false, \"constant\": false, \"signature\": \"0x1da3a3bb\", \"stateMutability\": \"nonpayable\"}, {\"name\": \"findNomeLavoro\", \"type\": \"function\", \"inputs\": [{\"name\": \"_codice\", \"type\": \"string\"}], \"outputs\": [{\"name\": \"\", \"type\": \"string\"}], \"payable\": false, \"constant\": false, \"signature\": \"0xe37f1bd8\", \"stateMutability\": \"nonpayable\"}, {\"name\": \"findNumeroLavoro\", \"type\": \"function\", \"inputs\": [{\"name\": \"_codice\", \"type\": \"string\"}], \"outputs\": [{\"name\": \"\", \"type\": \"uint256\"}], \"payable\": false, \"constant\": false, \"signature\": \"0xdb18d857\", \"stateMutability\": \"nonpayable\"}, {\"name\": \"findCostoLavoro\", \"type\": \"function\", \"inputs\": [{\"name\": \"_codice\", \"type\": \"string\"}], \"outputs\": [{\"name\": \"\", \"type\": \"uint256\"}], \"payable\": false, \"constant\": false, \"signature\": \"0xb8017f18\", \"stateMutability\": \"nonpayable\"}, {\"name\": \"readLavori\", \"type\": \"function\", \"inputs\": [{\"name\": \"i\", \"type\": \"uint256\"}], \"outputs\": [{\"name\": \"\", \"type\": \"string\"}, {\"name\": \"\", \"type\": \"string\"}, {\"name\": \"\", \"type\": \"uint256\"}, {\"name\": \"\", \"type\": \"uint256\"}, {\"name\": \"\", \"type\": \"uint256\"}], \"payable\": false, \"constant\": false, \"signature\": \"0xa0d5cf95\", \"stateMutability\": \"nonpayable\"}, {\"name\": \"setPercentualeLavoro\", \"type\": \"function\", \"inputs\": [{\"name\": \"_codice\", \"type\": \"string\"}, {\"name\": \"_percentuale\", \"type\": \"uint256\"}], \"outputs\": [], \"payable\": false, \"constant\": false, \"signature\": \"0x35079ea7\", \"stateMutability\": \"nonpayable\"}, {\"name\": \"countCostoTotale\", \"type\": \"function\", \"inputs\": [], \"outputs\": [{\"name\": \"\", \"type\": \"uint256\"}], \"payable\": false, \"constant\": false, \"signature\": \"0x81370651\", \"stateMutability\": \"nonpayable\"}, {\"name\": \"countPercentualeLavoro\", \"type\": \"function\", \"inputs\": [{\"name\": \"_codice\", \"type\": \"string\"}], \"outputs\": [{\"name\": \"\", \"type\": \"uint256\"}], \"payable\": false, \"constant\": false, \"signature\": \"0xe5789c34\", \"stateMutability\": \"nonpayable\"}, {\"name\": \"countCostoRaggiunto\", \"type\": \"function\", \"inputs\": [{\"name\": \"_codice\", \"type\": \"string\"}], \"outputs\": [{\"name\": \"\", \"type\": \"uint256\"}], \"payable\": false, \"constant\": false, \"signature\": \"0x3d90d56f\", \"stateMutability\": \"nonpayable\"}, {\"name\": \"countPercentualeRaggiunta\", \"type\": \"function\", \"inputs\": [{\"name\": \"_codice\", \"type\": \"string\"}], \"outputs\": [{\"name\": \"\", \"type\": \"uint256\"}], \"payable\": false, \"constant\": false, \"signature\": \"0x5c11597f\", \"stateMutability\": \"nonpayable\"}, {\"name\": \"getValoreTotale\", \"type\": \"function\", \"inputs\": [], \"outputs\": [{\"name\": \"\", \"type\": \"uint256\"}, {\"name\": \"\", \"type\": \"uint256\"}], \"payable\": false, \"constant\": false, \"signature\": \"0x2d23f827\", \"stateMutability\": \"nonpayable\"}, {\"name\": \"updateValore\", \"type\": \"function\", \"inputs\": [{\"name\": \"_codice\", \"type\": \"string\"}], \"outputs\": [], \"payable\": false, \"constant\": false, \"signature\": \"0x2a1658fa\", \"stateMutability\": \"nonpayable\"}, {\"name\": \"enableDL\", \"type\": \"function\", \"inputs\": [{\"name\": \"_indirizzo\", \"type\": \"address\"}], \"outputs\": [{\"name\": \"\", \"type\": \"bool\"}], \"payable\": false, \"constant\": false, \"signature\": \"0x00deb5d6\", \"stateMutability\": \"nonpayable\"}, {\"name\": \"enableRUP\", \"type\": \"function\", \"inputs\": [{\"name\": \"_indirizzo\", \"type\": \"address\"}], \"outputs\": [{\"name\": \"\", \"type\": \"bool\"}], \"payable\": false, \"constant\": false, \"signature\": \"0xd601ad82\", \"stateMutability\": \"nonpayable\"}, {\"name\": \"enableDitta\", \"type\": \"function\", \"inputs\": [{\"name\": \"_indirizzo\", \"type\": \"address\"}], \"outputs\": [{\"name\": \"\", \"type\": \"bool\"}], \"payable\": false, \"constant\": false, \"signature\": \"0x8204933c\", \"stateMutability\": \"nonpayable\"}, {\"name\": \"killMisure\", \"type\": \"function\", \"inputs\": [], \"outputs\": [], \"payable\": false, \"constant\": false, \"signature\": \"0x9a17f534\", \"stateMutability\": \"nonpayable\"}]','0x3E06615709667a32BB3D332fE160bf69CFBf295a',NULL),(2,'Avanzamento','[{\"name\": \"getSal\", \"type\": \"function\", \"inputs\": [], \"outputs\": [{\"name\": \"\", \"type\": \"uint256\"}], \"payable\": false, \"constant\": false, \"signature\": \"0x2daa87d7\", \"stateMutability\": \"nonpayable\"}, {\"name\": \"getSalData\", \"type\": \"function\", \"inputs\": [], \"outputs\": [{\"name\": \"\", \"type\": \"uint256[]\"}, {\"name\": \"\", \"type\": \"uint256[]\"}], \"payable\": false, \"constant\": false, \"signature\": \"0x3f7e583d\", \"stateMutability\": \"nonpayable\"}, {\"name\": \"getSalData\", \"type\": \"function\", \"inputs\": [{\"name\": \"_data\", \"type\": \"uint256\"}], \"outputs\": [{\"name\": \"\", \"type\": \"uint256\"}, {\"name\": \"\", \"type\": \"uint256\"}], \"payable\": false, \"constant\": false, \"signature\": \"0x95433212\", \"stateMutability\": \"nonpayable\"}, {\"name\": \"enableSal\", \"type\": \"function\", \"inputs\": [], \"outputs\": [], \"payable\": false, \"constant\": false, \"signature\": \"0x07134978\", \"stateMutability\": \"nonpayable\"}, {\"name\": \"insertSal\", \"type\": \"function\", \"inputs\": [{\"name\": \"_codice\", \"type\": \"string\"}, {\"name\": \"_nome\", \"type\": \"string\"}, {\"name\": \"_perc_tot\", \"type\": \"uint256\"}, {\"name\": \"_perc_i\", \"type\": \"uint256\"}, {\"name\": \"_perc_ragg\", \"type\": \"uint256\"}, {\"name\": \"_costo_i\", \"type\": \"uint256\"}, {\"name\": \"_costo_ragg\", \"type\": \"uint256\"}], \"outputs\": [], \"payable\": false, \"constant\": false, \"signature\": \"0x67bed40d\", \"stateMutability\": \"nonpayable\"}, {\"name\": \"getSal1\", \"type\": \"function\", \"inputs\": [{\"name\": \"_sal\", \"type\": \"uint256\"}], \"outputs\": [{\"name\": \"\", \"type\": \"uint256[]\"}, {\"name\": \"\", \"type\": \"uint256[]\"}, {\"name\": \"\", \"type\": \"uint256[]\"}, {\"name\": \"\", \"type\": \"uint256[]\"}], \"payable\": false, \"constant\": false, \"signature\": \"0x402dacde\", \"stateMutability\": \"nonpayable\"}, {\"name\": \"getSal2\", \"type\": \"function\", \"inputs\": [{\"name\": \"_sal\", \"type\": \"uint256\"}], \"outputs\": [{\"name\": \"\", \"type\": \"string[]\"}, {\"name\": \"\", \"type\": \"uint256[]\"}, {\"name\": \"\", \"type\": \"string[]\"}, {\"name\": \"\", \"type\": \"uint256[]\"}], \"payable\": false, \"constant\": false, \"signature\": \"0x972326a9\", \"stateMutability\": \"nonpayable\"}, {\"name\": \"getGrafico\", \"type\": \"function\", \"inputs\": [], \"outputs\": [{\"name\": \"\", \"type\": \"uint256[]\"}, {\"name\": \"\", \"type\": \"uint256[]\"}, {\"name\": \"\", \"type\": \"uint256[]\"}], \"payable\": false, \"constant\": false, \"signature\": \"0x348edc4b\", \"stateMutability\": \"nonpayable\"}, {\"name\": \"setIndirizzoMisure\", \"type\": \"function\", \"inputs\": [{\"name\": \"_indirizzo\", \"type\": \"address\"}], \"outputs\": [], \"payable\": false, \"constant\": false, \"signature\": \"0x14481ad6\", \"stateMutability\": \"nonpayable\"}, {\"name\": \"setIndirizzoGiornale\", \"type\": \"function\", \"inputs\": [{\"name\": \"_indirizzo\", \"type\": \"address\"}], \"outputs\": [], \"payable\": false, \"constant\": false, \"signature\": \"0x8acc3489\", \"stateMutability\": \"nonpayable\"}, {\"name\": \"setIndirizzoLibretto\", \"type\": \"function\", \"inputs\": [{\"name\": \"_indirizzo\", \"type\": \"address\"}], \"outputs\": [], \"payable\": false, \"constant\": false, \"signature\": \"0xcb92b744\", \"stateMutability\": \"nonpayable\"}, {\"name\": \"setIndirizzoFirme\", \"type\": \"function\", \"inputs\": [{\"name\": \"_indirizzo\", \"type\": \"address\"}], \"outputs\": [], \"payable\": false, \"constant\": false, \"signature\": \"0xd111bfb4\", \"stateMutability\": \"nonpayable\"}, {\"name\": \"setIndirizzoRiserve\", \"type\": \"function\", \"inputs\": [{\"name\": \"_indirizzo\", \"type\": \"address\"}], \"outputs\": [], \"payable\": false, \"constant\": false, \"signature\": \"0x6fff351c\", \"stateMutability\": \"nonpayable\"}, {\"name\": \"setIndirizzoRegistro\", \"type\": \"function\", \"inputs\": [{\"name\": \"_indirizzo\", \"type\": \"address\"}], \"outputs\": [], \"payable\": false, \"constant\": false, \"signature\": \"0xedd66cb8\", \"stateMutability\": \"nonpayable\"}, {\"name\": \"killAvanzamento\", \"type\": \"function\", \"inputs\": [], \"outputs\": [], \"payable\": false, \"constant\": false, \"signature\": \"0x2ddf646d\", \"stateMutability\": \"nonpayable\"}]','0xCF0baB475f5671B113B05C97C1228a5Cce2bABbC',NULL),(3,'Firme','[{\"name\": \"getFirme\", \"type\": \"function\", \"inputs\": [], \"outputs\": [{\"name\": \"\", \"type\": \"uint256[]\"}, {\"name\": \"\", \"type\": \"uint256[]\"}], \"payable\": false, \"constant\": false, \"signature\": \"0x4a8a744a\", \"stateMutability\": \"nonpayable\"}, {\"name\": \"checkFirma\", \"type\": \"function\", \"inputs\": [{\"name\": \"_documento\", \"type\": \"uint256\"}, {\"name\": \"_rigo\", \"type\": \"uint256\"}], \"outputs\": [{\"name\": \"\", \"type\": \"bool\"}], \"payable\": false, \"constant\": false, \"signature\": \"0xeb804943\", \"stateMutability\": \"nonpayable\"}, {\"name\": \"checkRiserva\", \"type\": \"function\", \"inputs\": [{\"name\": \"_documento\", \"type\": \"uint256\"}, {\"name\": \"_numero_rigo\", \"type\": \"uint256\"}], \"outputs\": [{\"name\": \"\", \"type\": \"bool\"}], \"payable\": false, \"constant\": false, \"signature\": \"0x77f7b6e1\", \"stateMutability\": \"nonpayable\"}, {\"name\": \"setFirme\", \"type\": \"function\", \"inputs\": [{\"name\": \"_documento\", \"type\": \"uint256\"}, {\"name\": \"_numero_rigo\", \"type\": \"uint256\"}], \"outputs\": [], \"payable\": false, \"constant\": false, \"signature\": \"0x66c4a464\", \"stateMutability\": \"nonpayable\"}, {\"name\": \"setFirme\", \"type\": \"function\", \"inputs\": [{\"name\": \"_documento\", \"type\": \"uint256\"}, {\"name\": \"_numero_rigo\", \"type\": \"uint256\"}, {\"name\": \"_riserva\", \"type\": \"bool\"}], \"outputs\": [], \"payable\": false, \"constant\": false, \"signature\": \"0xd223f520\", \"stateMutability\": \"nonpayable\"}, {\"name\": \"setIndirizzoMisure\", \"type\": \"function\", \"inputs\": [{\"name\": \"_indirizzo\", \"type\": \"address\"}], \"outputs\": [], \"payable\": false, \"constant\": false, \"signature\": \"0x14481ad6\", \"stateMutability\": \"nonpayable\"}, {\"name\": \"killFirme\", \"type\": \"function\", \"inputs\": [], \"outputs\": [], \"payable\": false, \"constant\": false, \"signature\": \"0x4e9855e9\", \"stateMutability\": \"nonpayable\"}]','0xd4fF939F52Af6e61462D0a78cD6d0b8054C15003',NULL),(4,'Giornale','[{\"name\": \"getRigoGiornale\", \"type\": \"function\", \"inputs\": [{\"name\": \"_giornale\", \"type\": \"uint256\"}, {\"name\": \"_rigo\", \"type\": \"uint256\"}], \"outputs\": [{\"name\": \"\", \"type\": \"uint256\"}], \"payable\": false, \"constant\": false, \"signature\": \"0x45fa9bc0\", \"stateMutability\": \"nonpayable\"}, {\"name\": \"getGiornaleData\", \"type\": \"function\", \"inputs\": [], \"outputs\": [{\"name\": \"\", \"type\": \"uint256[]\"}, {\"name\": \"\", \"type\": \"uint256[]\"}], \"payable\": false, \"constant\": false, \"signature\": \"0xa9be1569\", \"stateMutability\": \"nonpayable\"}, {\"name\": \"getGiornaleData\", \"type\": \"function\", \"inputs\": [{\"name\": \"_data\", \"type\": \"uint256\"}], \"outputs\": [{\"name\": \"\", \"type\": \"uint256\"}, {\"name\": \"\", \"type\": \"uint256\"}, {\"name\": \"\", \"type\": \"bool\"}], \"payable\": false, \"constant\": false, \"signature\": \"0xec4e09ce\", \"stateMutability\": \"nonpayable\"}, {\"name\": \"finishGiornale\", \"type\": \"function\", \"inputs\": [], \"outputs\": [], \"payable\": false, \"constant\": false, \"signature\": \"0x9efd1985\", \"stateMutability\": \"nonpayable\"}, {\"name\": \"updateGiornale\", \"type\": \"function\", \"inputs\": [{\"name\": \"_quantita\", \"type\": \"uint256[]\"}, {\"name\": \"_qualita\", \"type\": \"string[]\"}, {\"name\": \"_ore\", \"type\": \"uint256[]\"}, {\"name\": \"_descrizione\", \"type\": \"string\"}, {\"name\": \"_attrezzature\", \"type\": \"string[]\"}, {\"name\": \"_quantita_attr\", \"type\": \"uint256[]\"}, {\"name\": \"_numero\", \"type\": \"uint256\"}, {\"name\": \"_numero_documento\", \"type\": \"uint256\"}], \"outputs\": [], \"payable\": false, \"constant\": false, \"signature\": \"0xbe492359\", \"stateMutability\": \"nonpayable\"}, {\"name\": \"insertGiornale\", \"type\": \"function\", \"inputs\": [{\"name\": \"_quantita\", \"type\": \"uint256[]\"}, {\"name\": \"_qualita\", \"type\": \"string[]\"}, {\"name\": \"_ore\", \"type\": \"uint256[]\"}, {\"name\": \"_descrizione\", \"type\": \"string\"}, {\"name\": \"_attrezzature\", \"type\": \"string[]\"}, {\"name\": \"_quantita_attr\", \"type\": \"uint256[]\"}], \"outputs\": [], \"payable\": false, \"constant\": false, \"signature\": \"0x4e7cab01\", \"stateMutability\": \"nonpayable\"}, {\"name\": \"get1\", \"type\": \"function\", \"inputs\": [{\"name\": \"_giornale\", \"type\": \"uint256\"}], \"outputs\": [{\"name\": \"\", \"type\": \"uint256[][]\"}, {\"name\": \"\", \"type\": \"string[][]\"}, {\"name\": \"\", \"type\": \"uint256[][]\"}, {\"name\": \"\", \"type\": \"uint256[]\"}], \"payable\": false, \"constant\": false, \"signature\": \"0x9c117f0f\", \"stateMutability\": \"nonpayable\"}, {\"name\": \"get2\", \"type\": \"function\", \"inputs\": [{\"name\": \"_giornale\", \"type\": \"uint256\"}], \"outputs\": [{\"name\": \"\", \"type\": \"string[][]\"}, {\"name\": \"\", \"type\": \"uint256[][]\"}, {\"name\": \"\", \"type\": \"uint256[]\"}], \"payable\": false, \"constant\": false, \"signature\": \"0x31184dc3\", \"stateMutability\": \"nonpayable\"}, {\"name\": \"get3\", \"type\": \"function\", \"inputs\": [{\"name\": \"_giornale\", \"type\": \"uint256\"}], \"outputs\": [{\"name\": \"\", \"type\": \"uint256[]\"}, {\"name\": \"\", \"type\": \"string[]\"}, {\"name\": \"\", \"type\": \"uint256[]\"}, {\"name\": \"\", \"type\": \"uint256[]\"}], \"payable\": false, \"constant\": false, \"signature\": \"0xed09d19a\", \"stateMutability\": \"nonpayable\"}, {\"name\": \"setIndirizzoMisure\", \"type\": \"function\", \"inputs\": [{\"name\": \"_indirizzo\", \"type\": \"address\"}], \"outputs\": [], \"payable\": false, \"constant\": false, \"signature\": \"0x14481ad6\", \"stateMutability\": \"nonpayable\"}, {\"name\": \"killGiornale\", \"type\": \"function\", \"inputs\": [], \"outputs\": [], \"payable\": false, \"constant\": false, \"signature\": \"0xf4ab9bbc\", \"stateMutability\": \"nonpayable\"}]','0x1E5588a90A7B2bb3E30608eFc3AC9147a0611a7E',NULL),(5,'Libretto','[{\"name\": \"getRighiMaxLibretto\", \"type\": \"function\", \"inputs\": [{\"name\": \"_libretto\", \"type\": \"uint256\"}], \"outputs\": [{\"name\": \"\", \"type\": \"uint256\"}], \"payable\": false, \"constant\": false, \"signature\": \"0xd64b201c\", \"stateMutability\": \"nonpayable\"}, {\"name\": \"getLibretto\", \"type\": \"function\", \"inputs\": [], \"outputs\": [{\"name\": \"\", \"type\": \"uint256\"}], \"payable\": false, \"constant\": false, \"signature\": \"0x555292f1\", \"stateMutability\": \"nonpayable\"}, {\"name\": \"getLibrettoData\", \"type\": \"function\", \"inputs\": [{\"name\": \"_data\", \"type\": \"uint256\"}], \"outputs\": [{\"name\": \"\", \"type\": \"uint256\"}, {\"name\": \"\", \"type\": \"uint256\"}, {\"name\": \"\", \"type\": \"bool\"}], \"payable\": false, \"constant\": false, \"signature\": \"0xbb0224f3\", \"stateMutability\": \"nonpayable\"}, {\"name\": \"getLibrettoData\", \"type\": \"function\", \"inputs\": [], \"outputs\": [{\"name\": \"\", \"type\": \"uint256[]\"}, {\"name\": \"\", \"type\": \"uint256[]\"}], \"payable\": false, \"constant\": false, \"signature\": \"0xc254a753\", \"stateMutability\": \"nonpayable\"}, {\"name\": \"getRigoLibretto\", \"type\": \"function\", \"inputs\": [{\"name\": \"_libretto\", \"type\": \"uint256\"}, {\"name\": \"_rigo\", \"type\": \"uint256\"}], \"outputs\": [{\"name\": \"\", \"type\": \"uint256\"}], \"payable\": false, \"constant\": false, \"signature\": \"0x431e50a4\", \"stateMutability\": \"nonpayable\"}, {\"name\": \"finishLibretto\", \"type\": \"function\", \"inputs\": [], \"outputs\": [], \"payable\": false, \"constant\": false, \"signature\": \"0x2d2dbd27\", \"stateMutability\": \"nonpayable\"}, {\"name\": \"findCodice\", \"type\": \"function\", \"inputs\": [{\"name\": \"_libretto\", \"type\": \"uint256\"}, {\"name\": \"_rigo\", \"type\": \"uint256\"}], \"outputs\": [{\"name\": \"\", \"type\": \"string\"}], \"payable\": false, \"constant\": false, \"signature\": \"0x7d98d774\", \"stateMutability\": \"nonpayable\"}, {\"name\": \"checkSameCodice\", \"type\": \"function\", \"inputs\": [{\"name\": \"_codice\", \"type\": \"string\"}, {\"name\": \"_libretto\", \"type\": \"uint256\"}], \"outputs\": [{\"name\": \"\", \"type\": \"bool\"}], \"payable\": false, \"constant\": false, \"signature\": \"0x42829355\", \"stateMutability\": \"nonpayable\"}, {\"name\": \"checkMaggiorePercentuale\", \"type\": \"function\", \"inputs\": [{\"name\": \"_codice\", \"type\": \"string\"}, {\"name\": \"_percentuale\", \"type\": \"uint256\"}], \"outputs\": [{\"name\": \"\", \"type\": \"bool\"}], \"payable\": false, \"constant\": false, \"signature\": \"0x6ded850e\", \"stateMutability\": \"nonpayable\"}, {\"name\": \"addLibretto\", \"type\": \"function\", \"inputs\": [{\"name\": \"_codice\", \"type\": \"string\"}, {\"name\": \"_descrizione\", \"type\": \"string\"}, {\"name\": \"_percentuale\", \"type\": \"uint256\"}, {\"name\": \"_allegato\", \"type\": \"string[]\"}], \"outputs\": [], \"payable\": false, \"constant\": false, \"signature\": \"0xfbf63fb5\", \"stateMutability\": \"nonpayable\"}, {\"name\": \"updateLibretto\", \"type\": \"function\", \"inputs\": [{\"name\": \"_numero\", \"type\": \"uint256\"}, {\"name\": \"_libretto\", \"type\": \"uint256\"}, {\"name\": \"_codice\", \"type\": \"string\"}, {\"name\": \"_descrizione\", \"type\": \"string\"}, {\"name\": \"_percentuale\", \"type\": \"uint256\"}, {\"name\": \"_allegato\", \"type\": \"string[]\"}], \"outputs\": [], \"payable\": false, \"constant\": false, \"signature\": \"0x8301bb82\", \"stateMutability\": \"nonpayable\"}, {\"name\": \"checkLibrettoOk\", \"type\": \"function\", \"inputs\": [{\"name\": \"_libretto\", \"type\": \"uint256\"}], \"outputs\": [{\"name\": \"\", \"type\": \"bool\"}], \"payable\": false, \"constant\": false, \"signature\": \"0x5fe10b00\", \"stateMutability\": \"nonpayable\"}, {\"name\": \"insertFirmaDittaLibretto\", \"type\": \"function\", \"inputs\": [{\"name\": \"_rigo_libretto\", \"type\": \"uint256\"}, {\"name\": \"_libretto\", \"type\": \"uint256\"}], \"outputs\": [], \"payable\": false, \"constant\": false, \"signature\": \"0xea5479db\", \"stateMutability\": \"nonpayable\"}, {\"name\": \"insertFirmaRiservaDittaLibretto\", \"type\": \"function\", \"inputs\": [{\"name\": \"_rigo_libretto\", \"type\": \"uint256\"}, {\"name\": \"_libretto\", \"type\": \"uint256\"}], \"outputs\": [], \"payable\": false, \"constant\": false, \"signature\": \"0x689f1036\", \"stateMutability\": \"nonpayable\"}, {\"name\": \"findRighiLibretto\", \"type\": \"function\", \"inputs\": [{\"name\": \"_libretto\", \"type\": \"uint256\"}], \"outputs\": [{\"name\": \"\", \"type\": \"uint256[]\"}], \"payable\": false, \"constant\": false, \"signature\": \"0x0e824f41\", \"stateMutability\": \"nonpayable\"}, {\"name\": \"checkSovrascritto\", \"type\": \"function\", \"inputs\": [{\"name\": \"_rigo\", \"type\": \"uint256\"}], \"outputs\": [{\"name\": \"\", \"type\": \"bool\"}], \"payable\": false, \"constant\": false, \"signature\": \"0x0d4c9fdd\", \"stateMutability\": \"nonpayable\"}, {\"name\": \"getLibretti1\", \"type\": \"function\", \"inputs\": [{\"name\": \"_libretto\", \"type\": \"uint256\"}], \"outputs\": [{\"name\": \"\", \"type\": \"uint256[]\"}, {\"name\": \"\", \"type\": \"string[]\"}, {\"name\": \"\", \"type\": \"uint256[]\"}, {\"name\": \"\", \"type\": \"uint256[]\"}], \"payable\": false, \"constant\": false, \"signature\": \"0xc8f9d2c8\", \"stateMutability\": \"nonpayable\"}, {\"name\": \"getLibretti2\", \"type\": \"function\", \"inputs\": [{\"name\": \"_libretto\", \"type\": \"uint256\"}], \"outputs\": [{\"name\": \"\", \"type\": \"string[]\"}, {\"name\": \"\", \"type\": \"uint256[]\"}, {\"name\": \"\", \"type\": \"string[][]\"}, {\"name\": \"\", \"type\": \"uint256[]\"}], \"payable\": false, \"constant\": false, \"signature\": \"0x910b68b6\", \"stateMutability\": \"nonpayable\"}, {\"name\": \"setIndirizzoFirme\", \"type\": \"function\", \"inputs\": [{\"name\": \"_indirizzo\", \"type\": \"address\"}], \"outputs\": [], \"payable\": false, \"constant\": false, \"signature\": \"0xd111bfb4\", \"stateMutability\": \"nonpayable\"}, {\"name\": \"setIndirizzoRiserve\", \"type\": \"function\", \"inputs\": [{\"name\": \"_indirizzo\", \"type\": \"address\"}], \"outputs\": [], \"payable\": false, \"constant\": false, \"signature\": \"0x6fff351c\", \"stateMutability\": \"nonpayable\"}, {\"name\": \"setIndirizzoMisure\", \"type\": \"function\", \"inputs\": [{\"name\": \"_indirizzo\", \"type\": \"address\"}], \"outputs\": [], \"payable\": false, \"constant\": false, \"signature\": \"0x14481ad6\", \"stateMutability\": \"nonpayable\"}, {\"name\": \"killLibretto\", \"type\": \"function\", \"inputs\": [], \"outputs\": [], \"payable\": false, \"constant\": false, \"signature\": \"0xc1343a36\", \"stateMutability\": \"nonpayable\"}]','0xeA1EC21fa750ffECE88D566FbE00a682e6874339',NULL),(6,'Registro','[{\"name\": \"getRegistro\", \"type\": \"function\", \"inputs\": [], \"outputs\": [{\"name\": \"\", \"type\": \"uint256\"}], \"payable\": false, \"constant\": false, \"signature\": \"0x1de55c8a\", \"stateMutability\": \"nonpayable\"}, {\"name\": \"getRegistroData\", \"type\": \"function\", \"inputs\": [{\"name\": \"_data\", \"type\": \"uint256\"}], \"outputs\": [{\"name\": \"\", \"type\": \"uint256\"}, {\"name\": \"\", \"type\": \"uint256\"}], \"payable\": false, \"constant\": false, \"signature\": \"0x2fecd327\", \"stateMutability\": \"nonpayable\"}, {\"name\": \"getRegistroData\", \"type\": \"function\", \"inputs\": [], \"outputs\": [{\"name\": \"\", \"type\": \"uint256[]\"}, {\"name\": \"\", \"type\": \"uint256[]\"}], \"payable\": false, \"constant\": false, \"signature\": \"0x705b8af2\", \"stateMutability\": \"nonpayable\"}, {\"name\": \"findRegistri\", \"type\": \"function\", \"inputs\": [], \"outputs\": [{\"name\": \"\", \"type\": \"string[]\"}, {\"name\": \"\", \"type\": \"uint256[]\"}, {\"name\": \"\", \"type\": \"uint256[]\"}], \"payable\": false, \"constant\": false, \"signature\": \"0x72927f42\", \"stateMutability\": \"nonpayable\"}, {\"name\": \"findContenuto\", \"type\": \"function\", \"inputs\": [{\"name\": \"_registro\", \"type\": \"uint256\"}, {\"name\": \"_rigo\", \"type\": \"uint256\"}], \"outputs\": [{\"name\": \"\", \"type\": \"uint256\"}, {\"name\": \"\", \"type\": \"uint256\"}, {\"name\": \"\", \"type\": \"uint256\"}, {\"name\": \"\", \"type\": \"uint256\"}], \"payable\": false, \"constant\": false, \"signature\": \"0xe5530b11\", \"stateMutability\": \"nonpayable\"}, {\"name\": \"enableRegistroContabilita\", \"type\": \"function\", \"inputs\": [], \"outputs\": [], \"payable\": false, \"constant\": false, \"signature\": \"0x90789e10\", \"stateMutability\": \"nonpayable\"}, {\"name\": \"checkSuperata\", \"type\": \"function\", \"inputs\": [{\"name\": \"_tot\", \"type\": \"uint256\"}], \"outputs\": [{\"name\": \"\", \"type\": \"bool\"}], \"payable\": false, \"constant\": false, \"signature\": \"0xeda6da21\", \"stateMutability\": \"nonpayable\"}, {\"name\": \"getRegistri1\", \"type\": \"function\", \"inputs\": [{\"name\": \"_registro\", \"type\": \"uint256\"}], \"outputs\": [{\"name\": \"\", \"type\": \"uint256[]\"}, {\"name\": \"\", \"type\": \"uint256[]\"}, {\"name\": \"\", \"type\": \"uint256[]\"}, {\"name\": \"\", \"type\": \"uint256[]\"}], \"payable\": false, \"constant\": false, \"signature\": \"0x2ee04fd4\", \"stateMutability\": \"nonpayable\"}, {\"name\": \"getRegistri2\", \"type\": \"function\", \"inputs\": [{\"name\": \"_registro\", \"type\": \"uint256\"}], \"outputs\": [{\"name\": \"\", \"type\": \"uint256[]\"}, {\"name\": \"\", \"type\": \"uint256[]\"}, {\"name\": \"\", \"type\": \"uint256[]\"}, {\"name\": \"\", \"type\": \"uint256[]\"}], \"payable\": false, \"constant\": false, \"signature\": \"0x04b59bc0\", \"stateMutability\": \"nonpayable\"}, {\"name\": \"getRegistri3\", \"type\": \"function\", \"inputs\": [{\"name\": \"_registro\", \"type\": \"uint256\"}], \"outputs\": [{\"name\": \"\", \"type\": \"string[]\"}, {\"name\": \"\", \"type\": \"string[]\"}], \"payable\": false, \"constant\": false, \"signature\": \"0x33b564c1\", \"stateMutability\": \"nonpayable\"}, {\"name\": \"setIndirizzoLibretto\", \"type\": \"function\", \"inputs\": [{\"name\": \"_indirizzo\", \"type\": \"address\"}], \"outputs\": [], \"payable\": false, \"constant\": false, \"signature\": \"0xcb92b744\", \"stateMutability\": \"nonpayable\"}, {\"name\": \"setIndirizzoMisure\", \"type\": \"function\", \"inputs\": [{\"name\": \"_indirizzo\", \"type\": \"address\"}], \"outputs\": [], \"payable\": false, \"constant\": false, \"signature\": \"0x14481ad6\", \"stateMutability\": \"nonpayable\"}, {\"name\": \"killRegistro\", \"type\": \"function\", \"inputs\": [], \"outputs\": [], \"payable\": false, \"constant\": false, \"signature\": \"0xfb8f72c4\", \"stateMutability\": \"nonpayable\"}]','0xf481dbB34dA9174F06ecB0a20356C8B3591F153F',NULL),(7,'Riserve','[{\"name\": \"getRiserve1\", \"type\": \"function\", \"inputs\": [{\"name\": \"_libretto\", \"type\": \"uint256\"}], \"outputs\": [{\"name\": \"\", \"type\": \"bool[]\"}, {\"name\": \"\", \"type\": \"bool[]\"}, {\"name\": \"\", \"type\": \"bool[]\"}], \"payable\": false, \"constant\": false, \"signature\": \"0x3a8d476b\", \"stateMutability\": \"nonpayable\"}, {\"name\": \"getRiserve2\", \"type\": \"function\", \"inputs\": [{\"name\": \"_libretto\", \"type\": \"uint256\"}], \"outputs\": [{\"name\": \"\", \"type\": \"uint256[]\"}, {\"name\": \"\", \"type\": \"uint256[]\"}, {\"name\": \"\", \"type\": \"string[]\"}], \"payable\": false, \"constant\": false, \"signature\": \"0x51f9909e\", \"stateMutability\": \"nonpayable\"}, {\"name\": \"insertRiserva\", \"type\": \"function\", \"inputs\": [{\"name\": \"_descrizione\", \"type\": \"string\"}, {\"name\": \"_percentuale\", \"type\": \"uint256\"}, {\"name\": \"_rigo\", \"type\": \"uint256\"}, {\"name\": \"_libretto\", \"type\": \"uint256\"}], \"outputs\": [], \"payable\": false, \"constant\": false, \"signature\": \"0xb8264c79\", \"stateMutability\": \"nonpayable\"}, {\"name\": \"setIndirizzoLibretto\", \"type\": \"function\", \"inputs\": [{\"name\": \"_indirizzo\", \"type\": \"address\"}], \"outputs\": [], \"payable\": false, \"constant\": false, \"signature\": \"0xcb92b744\", \"stateMutability\": \"nonpayable\"}, {\"name\": \"setIndirizzoMisure\", \"type\": \"function\", \"inputs\": [{\"name\": \"_indirizzo\", \"type\": \"address\"}], \"outputs\": [], \"payable\": false, \"constant\": false, \"signature\": \"0x14481ad6\", \"stateMutability\": \"nonpayable\"}, {\"name\": \"setIndirizzoFirme\", \"type\": \"function\", \"inputs\": [{\"name\": \"_indirizzo\", \"type\": \"address\"}], \"outputs\": [], \"payable\": false, \"constant\": false, \"signature\": \"0xd111bfb4\", \"stateMutability\": \"nonpayable\"}, {\"name\": \"killRiserve\", \"type\": \"function\", \"inputs\": [], \"outputs\": [], \"payable\": false, \"constant\": false, \"signature\": \"0x1d30c0ed\", \"stateMutability\": \"nonpayable\"}]','0x020FB9E517e33dC42223533Ef1200CDa7651d758',NULL),(8,'Misure','[{\"type\": \"constructor\", \"inputs\": [], \"payable\": false, \"signature\": \"constructor\", \"stateMutability\": \"nonpayable\"}, {\"name\": \"getPercentuale\", \"type\": \"function\", \"inputs\": [{\"name\": \"_codice\", \"type\": \"string\"}], \"outputs\": [{\"name\": \"\", \"type\": \"uint256\"}], \"payable\": false, \"constant\": false, \"signature\": \"0xc71fccb8\", \"stateMutability\": \"nonpayable\"}, {\"name\": \"checkPercentuali\", \"type\": \"function\", \"inputs\": [], \"outputs\": [{\"name\": \"\", \"type\": \"bool\"}], \"payable\": false, \"constant\": false, \"signature\": \"0xf6070aa0\", \"stateMutability\": \"nonpayable\"}, {\"name\": \"setPercentuali\", \"type\": \"function\", \"inputs\": [], \"outputs\": [], \"payable\": false, \"constant\": false, \"signature\": \"0x3d1be3dd\", \"stateMutability\": \"nonpayable\"}, {\"name\": \"getPercentuali\", \"type\": \"function\", \"inputs\": [], \"outputs\": [{\"name\": \"\", \"type\": \"bool\"}], \"payable\": false, \"constant\": false, \"signature\": \"0xad6b4f29\", \"stateMutability\": \"nonpayable\"}, {\"name\": \"getInserimenti\", \"type\": \"function\", \"inputs\": [], \"outputs\": [{\"name\": \"\", \"type\": \"bool\"}], \"payable\": false, \"constant\": false, \"signature\": \"0xc52290a6\", \"stateMutability\": \"nonpayable\"}, {\"name\": \"finishInserimenti\", \"type\": \"function\", \"inputs\": [], \"outputs\": [], \"payable\": false, \"constant\": false, \"signature\": \"0x6ad5e8a6\", \"stateMutability\": \"nonpayable\"}, {\"name\": \"getNumeroLavori\", \"type\": \"function\", \"inputs\": [], \"outputs\": [{\"name\": \"\", \"type\": \"uint256\"}], \"payable\": false, \"constant\": false, \"signature\": \"0x97ba63f8\", \"stateMutability\": \"nonpayable\"}, {\"name\": \"getLavori\", \"type\": \"function\", \"inputs\": [], \"outputs\": [{\"name\": \"\", \"type\": \"string[]\"}, {\"name\": \"\", \"type\": \"string[]\"}, {\"name\": \"\", \"type\": \"uint256[]\"}], \"payable\": false, \"constant\": false, \"signature\": \"0x3552b78a\", \"stateMutability\": \"nonpayable\"}, {\"name\": \"setSuperata\", \"type\": \"function\", \"inputs\": [], \"outputs\": [], \"payable\": false, \"constant\": false, \"signature\": \"0x26442d49\", \"stateMutability\": \"nonpayable\"}, {\"name\": \"getSuperata\", \"type\": \"function\", \"inputs\": [], \"outputs\": [{\"name\": \"\", \"type\": \"bool\"}], \"payable\": false, \"constant\": false, \"signature\": \"0x88865dd2\", \"stateMutability\": \"nonpayable\"}, {\"name\": \"setNonSuperata\", \"type\": \"function\", \"inputs\": [], \"outputs\": [], \"payable\": false, \"constant\": false, \"signature\": \"0x893371c0\", \"stateMutability\": \"nonpayable\"}, {\"name\": \"getNumeroAcconto\", \"type\": \"function\", \"inputs\": [], \"outputs\": [{\"name\": \"\", \"type\": \"uint256\"}], \"payable\": false, \"constant\": false, \"signature\": \"0xb02b5ac3\", \"stateMutability\": \"nonpayable\"}, {\"name\": \"updateNumeroAcconto\", \"type\": \"function\", \"inputs\": [], \"outputs\": [{\"name\": \"\", \"type\": \"uint256\"}], \"payable\": false, \"constant\": false, \"signature\": \"0xeb858b40\", \"stateMutability\": \"nonpayable\"}, {\"name\": \"getSoglia\", \"type\": \"function\", \"inputs\": [], \"outputs\": [{\"name\": \"\", \"type\": \"uint256\"}], \"payable\": false, \"constant\": false, \"signature\": \"0x8c172259\", \"stateMutability\": \"nonpayable\"}, {\"name\": \"updateSoglia\", \"type\": \"function\", \"inputs\": [{\"name\": \"_soglia\", \"type\": \"uint256\"}], \"outputs\": [], \"payable\": false, \"constant\": false, \"signature\": \"0xd0a4bc76\", \"stateMutability\": \"nonpayable\"}, {\"name\": \"addLavoro\", \"type\": \"function\", \"inputs\": [{\"name\": \"_codice\", \"type\": \"string\"}, {\"name\": \"_nome\", \"type\": \"string\"}, {\"name\": \"_costo\", \"type\": \"uint256\"}], \"outputs\": [], \"payable\": false, \"constant\": false, \"signature\": \"0x2f99b4fd\", \"stateMutability\": \"nonpayable\"}, {\"name\": \"checkLavoroInserito\", \"type\": \"function\", \"inputs\": [{\"name\": \"_codice\", \"type\": \"string\"}], \"outputs\": [{\"name\": \"\", \"type\": \"bool\"}], \"payable\": false, \"constant\": false, \"signature\": \"0x44590f89\", \"stateMutability\": \"nonpayable\"}, {\"name\": \"updateLavoro\", \"type\": \"function\", \"inputs\": [{\"name\": \"_codice\", \"type\": \"string\"}, {\"name\": \"_nome\", \"type\": \"string\"}, {\"name\": \"_costo\", \"type\": \"uint256\"}], \"outputs\": [], \"payable\": false, \"constant\": false, \"signature\": \"0x1da3a3bb\", \"stateMutability\": \"nonpayable\"}, {\"name\": \"findNomeLavoro\", \"type\": \"function\", \"inputs\": [{\"name\": \"_codice\", \"type\": \"string\"}], \"outputs\": [{\"name\": \"\", \"type\": \"string\"}], \"payable\": false, \"constant\": false, \"signature\": \"0xe37f1bd8\", \"stateMutability\": \"nonpayable\"}, {\"name\": \"findNumeroLavoro\", \"type\": \"function\", \"inputs\": [{\"name\": \"_codice\", \"type\": \"string\"}], \"outputs\": [{\"name\": \"\", \"type\": \"uint256\"}], \"payable\": false, \"constant\": false, \"signature\": \"0xdb18d857\", \"stateMutability\": \"nonpayable\"}, {\"name\": \"findCostoLavoro\", \"type\": \"function\", \"inputs\": [{\"name\": \"_codice\", \"type\": \"string\"}], \"outputs\": [{\"name\": \"\", \"type\": \"uint256\"}], \"payable\": false, \"constant\": false, \"signature\": \"0xb8017f18\", \"stateMutability\": \"nonpayable\"}, {\"name\": \"readLavori\", \"type\": \"function\", \"inputs\": [{\"name\": \"i\", \"type\": \"uint256\"}], \"outputs\": [{\"name\": \"\", \"type\": \"string\"}, {\"name\": \"\", \"type\": \"string\"}, {\"name\": \"\", \"type\": \"uint256\"}, {\"name\": \"\", \"type\": \"uint256\"}, {\"name\": \"\", \"type\": \"uint256\"}], \"payable\": false, \"constant\": false, \"signature\": \"0xa0d5cf95\", \"stateMutability\": \"nonpayable\"}, {\"name\": \"setPercentualeLavoro\", \"type\": \"function\", \"inputs\": [{\"name\": \"_codice\", \"type\": \"string\"}, {\"name\": \"_percentuale\", \"type\": \"uint256\"}], \"outputs\": [], \"payable\": false, \"constant\": false, \"signature\": \"0x35079ea7\", \"stateMutability\": \"nonpayable\"}, {\"name\": \"countCostoTotale\", \"type\": \"function\", \"inputs\": [], \"outputs\": [{\"name\": \"\", \"type\": \"uint256\"}], \"payable\": false, \"constant\": false, \"signature\": \"0x81370651\", \"stateMutability\": \"nonpayable\"}, {\"name\": \"countPercentualeLavoro\", \"type\": \"function\", \"inputs\": [{\"name\": \"_codice\", \"type\": \"string\"}], \"outputs\": [{\"name\": \"\", \"type\": \"uint256\"}], \"payable\": false, \"constant\": false, \"signature\": \"0xe5789c34\", \"stateMutability\": \"nonpayable\"}, {\"name\": \"countCostoRaggiunto\", \"type\": \"function\", \"inputs\": [{\"name\": \"_codice\", \"type\": \"string\"}], \"outputs\": [{\"name\": \"\", \"type\": \"uint256\"}], \"payable\": false, \"constant\": false, \"signature\": \"0x3d90d56f\", \"stateMutability\": \"nonpayable\"}, {\"name\": \"countPercentualeRaggiunta\", \"type\": \"function\", \"inputs\": [{\"name\": \"_codice\", \"type\": \"string\"}], \"outputs\": [{\"name\": \"\", \"type\": \"uint256\"}], \"payable\": false, \"constant\": false, \"signature\": \"0x5c11597f\", \"stateMutability\": \"nonpayable\"}, {\"name\": \"getValoreTotale\", \"type\": \"function\", \"inputs\": [], \"outputs\": [{\"name\": \"\", \"type\": \"uint256\"}, {\"name\": \"\", \"type\": \"uint256\"}], \"payable\": false, \"constant\": false, \"signature\": \"0x2d23f827\", \"stateMutability\": \"nonpayable\"}, {\"name\": \"updateValore\", \"type\": \"function\", \"inputs\": [{\"name\": \"_codice\", \"type\": \"string\"}], \"outputs\": [], \"payable\": false, \"constant\": false, \"signature\": \"0x2a1658fa\", \"stateMutability\": \"nonpayable\"}, {\"name\": \"enableDL\", \"type\": \"function\", \"inputs\": [{\"name\": \"_indirizzo\", \"type\": \"address\"}], \"outputs\": [{\"name\": \"\", \"type\": \"bool\"}], \"payable\": false, \"constant\": false, \"signature\": \"0x00deb5d6\", \"stateMutability\": \"nonpayable\"}, {\"name\": \"enableRUP\", \"type\": \"function\", \"inputs\": [{\"name\": \"_indirizzo\", \"type\": \"address\"}], \"outputs\": [{\"name\": \"\", \"type\": \"bool\"}], \"payable\": false, \"constant\": false, \"signature\": \"0xd601ad82\", \"stateMutability\": \"nonpayable\"}, {\"name\": \"enableDitta\", \"type\": \"function\", \"inputs\": [{\"name\": \"_indirizzo\", \"type\": \"address\"}], \"outputs\": [{\"name\": \"\", \"type\": \"bool\"}], \"payable\": false, \"constant\": false, \"signature\": \"0x8204933c\", \"stateMutability\": \"nonpayable\"}, {\"name\": \"killMisure\", \"type\": \"function\", \"inputs\": [], \"outputs\": [], \"payable\": false, \"constant\": false, \"signature\": \"0x9a17f534\", \"stateMutability\": \"nonpayable\"}]','0x1Ffb3173758da2CCeFE9262a688776C3E76B9b4c',NULL),(9,'Avanzamento','[{\"name\": \"getSal\", \"type\": \"function\", \"inputs\": [], \"outputs\": [{\"name\": \"\", \"type\": \"uint256\"}], \"payable\": false, \"constant\": false, \"signature\": \"0x2daa87d7\", \"stateMutability\": \"nonpayable\"}, {\"name\": \"getSalData\", \"type\": \"function\", \"inputs\": [], \"outputs\": [{\"name\": \"\", \"type\": \"uint256[]\"}, {\"name\": \"\", \"type\": \"uint256[]\"}], \"payable\": false, \"constant\": false, \"signature\": \"0x3f7e583d\", \"stateMutability\": \"nonpayable\"}, {\"name\": \"getSalData\", \"type\": \"function\", \"inputs\": [{\"name\": \"_data\", \"type\": \"uint256\"}], \"outputs\": [{\"name\": \"\", \"type\": \"uint256\"}, {\"name\": \"\", \"type\": \"uint256\"}], \"payable\": false, \"constant\": false, \"signature\": \"0x95433212\", \"stateMutability\": \"nonpayable\"}, {\"name\": \"enableSal\", \"type\": \"function\", \"inputs\": [], \"outputs\": [], \"payable\": false, \"constant\": false, \"signature\": \"0x07134978\", \"stateMutability\": \"nonpayable\"}, {\"name\": \"insertSal\", \"type\": \"function\", \"inputs\": [{\"name\": \"_codice\", \"type\": \"string\"}, {\"name\": \"_nome\", \"type\": \"string\"}, {\"name\": \"_perc_tot\", \"type\": \"uint256\"}, {\"name\": \"_perc_i\", \"type\": \"uint256\"}, {\"name\": \"_perc_ragg\", \"type\": \"uint256\"}, {\"name\": \"_costo_i\", \"type\": \"uint256\"}, {\"name\": \"_costo_ragg\", \"type\": \"uint256\"}], \"outputs\": [], \"payable\": false, \"constant\": false, \"signature\": \"0x67bed40d\", \"stateMutability\": \"nonpayable\"}, {\"name\": \"getSal1\", \"type\": \"function\", \"inputs\": [{\"name\": \"_sal\", \"type\": \"uint256\"}], \"outputs\": [{\"name\": \"\", \"type\": \"uint256[]\"}, {\"name\": \"\", \"type\": \"uint256[]\"}, {\"name\": \"\", \"type\": \"uint256[]\"}, {\"name\": \"\", \"type\": \"uint256[]\"}], \"payable\": false, \"constant\": false, \"signature\": \"0x402dacde\", \"stateMutability\": \"nonpayable\"}, {\"name\": \"getSal2\", \"type\": \"function\", \"inputs\": [{\"name\": \"_sal\", \"type\": \"uint256\"}], \"outputs\": [{\"name\": \"\", \"type\": \"string[]\"}, {\"name\": \"\", \"type\": \"uint256[]\"}, {\"name\": \"\", \"type\": \"string[]\"}, {\"name\": \"\", \"type\": \"uint256[]\"}], \"payable\": false, \"constant\": false, \"signature\": \"0x972326a9\", \"stateMutability\": \"nonpayable\"}, {\"name\": \"getGrafico\", \"type\": \"function\", \"inputs\": [], \"outputs\": [{\"name\": \"\", \"type\": \"uint256[]\"}, {\"name\": \"\", \"type\": \"uint256[]\"}, {\"name\": \"\", \"type\": \"uint256[]\"}], \"payable\": false, \"constant\": false, \"signature\": \"0x348edc4b\", \"stateMutability\": \"nonpayable\"}, {\"name\": \"setIndirizzoMisure\", \"type\": \"function\", \"inputs\": [{\"name\": \"_indirizzo\", \"type\": \"address\"}], \"outputs\": [], \"payable\": false, \"constant\": false, \"signature\": \"0x14481ad6\", \"stateMutability\": \"nonpayable\"}, {\"name\": \"setIndirizzoGiornale\", \"type\": \"function\", \"inputs\": [{\"name\": \"_indirizzo\", \"type\": \"address\"}], \"outputs\": [], \"payable\": false, \"constant\": false, \"signature\": \"0x8acc3489\", \"stateMutability\": \"nonpayable\"}, {\"name\": \"setIndirizzoLibretto\", \"type\": \"function\", \"inputs\": [{\"name\": \"_indirizzo\", \"type\": \"address\"}], \"outputs\": [], \"payable\": false, \"constant\": false, \"signature\": \"0xcb92b744\", \"stateMutability\": \"nonpayable\"}, {\"name\": \"setIndirizzoFirme\", \"type\": \"function\", \"inputs\": [{\"name\": \"_indirizzo\", \"type\": \"address\"}], \"outputs\": [], \"payable\": false, \"constant\": false, \"signature\": \"0xd111bfb4\", \"stateMutability\": \"nonpayable\"}, {\"name\": \"setIndirizzoRiserve\", \"type\": \"function\", \"inputs\": [{\"name\": \"_indirizzo\", \"type\": \"address\"}], \"outputs\": [], \"payable\": false, \"constant\": false, \"signature\": \"0x6fff351c\", \"stateMutability\": \"nonpayable\"}, {\"name\": \"setIndirizzoRegistro\", \"type\": \"function\", \"inputs\": [{\"name\": \"_indirizzo\", \"type\": \"address\"}], \"outputs\": [], \"payable\": false, \"constant\": false, \"signature\": \"0xedd66cb8\", \"stateMutability\": \"nonpayable\"}, {\"name\": \"killAvanzamento\", \"type\": \"function\", \"inputs\": [], \"outputs\": [], \"payable\": false, \"constant\": false, \"signature\": \"0x2ddf646d\", \"stateMutability\": \"nonpayable\"}]','0xa07C607f75eba1657a4DdE6856C8A8eF00d6480c',NULL),(10,'Firme','[{\"name\": \"getFirme\", \"type\": \"function\", \"inputs\": [], \"outputs\": [{\"name\": \"\", \"type\": \"uint256[]\"}, {\"name\": \"\", \"type\": \"uint256[]\"}], \"payable\": false, \"constant\": false, \"signature\": \"0x4a8a744a\", \"stateMutability\": \"nonpayable\"}, {\"name\": \"checkFirma\", \"type\": \"function\", \"inputs\": [{\"name\": \"_documento\", \"type\": \"uint256\"}, {\"name\": \"_rigo\", \"type\": \"uint256\"}], \"outputs\": [{\"name\": \"\", \"type\": \"bool\"}], \"payable\": false, \"constant\": false, \"signature\": \"0xeb804943\", \"stateMutability\": \"nonpayable\"}, {\"name\": \"checkRiserva\", \"type\": \"function\", \"inputs\": [{\"name\": \"_documento\", \"type\": \"uint256\"}, {\"name\": \"_numero_rigo\", \"type\": \"uint256\"}], \"outputs\": [{\"name\": \"\", \"type\": \"bool\"}], \"payable\": false, \"constant\": false, \"signature\": \"0x77f7b6e1\", \"stateMutability\": \"nonpayable\"}, {\"name\": \"setFirme\", \"type\": \"function\", \"inputs\": [{\"name\": \"_documento\", \"type\": \"uint256\"}, {\"name\": \"_numero_rigo\", \"type\": \"uint256\"}], \"outputs\": [], \"payable\": false, \"constant\": false, \"signature\": \"0x66c4a464\", \"stateMutability\": \"nonpayable\"}, {\"name\": \"setFirme\", \"type\": \"function\", \"inputs\": [{\"name\": \"_documento\", \"type\": \"uint256\"}, {\"name\": \"_numero_rigo\", \"type\": \"uint256\"}, {\"name\": \"_riserva\", \"type\": \"bool\"}], \"outputs\": [], \"payable\": false, \"constant\": false, \"signature\": \"0xd223f520\", \"stateMutability\": \"nonpayable\"}, {\"name\": \"setIndirizzoMisure\", \"type\": \"function\", \"inputs\": [{\"name\": \"_indirizzo\", \"type\": \"address\"}], \"outputs\": [], \"payable\": false, \"constant\": false, \"signature\": \"0x14481ad6\", \"stateMutability\": \"nonpayable\"}, {\"name\": \"killFirme\", \"type\": \"function\", \"inputs\": [], \"outputs\": [], \"payable\": false, \"constant\": false, \"signature\": \"0x4e9855e9\", \"stateMutability\": \"nonpayable\"}]','0x9C5104d8ccA43D76846C068Ec1410cE35889429d',NULL),(11,'Giornale','[{\"name\": \"getRigoGiornale\", \"type\": \"function\", \"inputs\": [{\"name\": \"_giornale\", \"type\": \"uint256\"}, {\"name\": \"_rigo\", \"type\": \"uint256\"}], \"outputs\": [{\"name\": \"\", \"type\": \"uint256\"}], \"payable\": false, \"constant\": false, \"signature\": \"0x45fa9bc0\", \"stateMutability\": \"nonpayable\"}, {\"name\": \"getGiornaleData\", \"type\": \"function\", \"inputs\": [], \"outputs\": [{\"name\": \"\", \"type\": \"uint256[]\"}, {\"name\": \"\", \"type\": \"uint256[]\"}], \"payable\": false, \"constant\": false, \"signature\": \"0xa9be1569\", \"stateMutability\": \"nonpayable\"}, {\"name\": \"getGiornaleData\", \"type\": \"function\", \"inputs\": [{\"name\": \"_data\", \"type\": \"uint256\"}], \"outputs\": [{\"name\": \"\", \"type\": \"uint256\"}, {\"name\": \"\", \"type\": \"uint256\"}, {\"name\": \"\", \"type\": \"bool\"}], \"payable\": false, \"constant\": false, \"signature\": \"0xec4e09ce\", \"stateMutability\": \"nonpayable\"}, {\"name\": \"finishGiornale\", \"type\": \"function\", \"inputs\": [], \"outputs\": [], \"payable\": false, \"constant\": false, \"signature\": \"0x9efd1985\", \"stateMutability\": \"nonpayable\"}, {\"name\": \"updateGiornale\", \"type\": \"function\", \"inputs\": [{\"name\": \"_quantita\", \"type\": \"uint256[]\"}, {\"name\": \"_qualita\", \"type\": \"string[]\"}, {\"name\": \"_ore\", \"type\": \"uint256[]\"}, {\"name\": \"_descrizione\", \"type\": \"string\"}, {\"name\": \"_attrezzature\", \"type\": \"string[]\"}, {\"name\": \"_quantita_attr\", \"type\": \"uint256[]\"}, {\"name\": \"_numero\", \"type\": \"uint256\"}, {\"name\": \"_numero_documento\", \"type\": \"uint256\"}], \"outputs\": [], \"payable\": false, \"constant\": false, \"signature\": \"0xbe492359\", \"stateMutability\": \"nonpayable\"}, {\"name\": \"insertGiornale\", \"type\": \"function\", \"inputs\": [{\"name\": \"_quantita\", \"type\": \"uint256[]\"}, {\"name\": \"_qualita\", \"type\": \"string[]\"}, {\"name\": \"_ore\", \"type\": \"uint256[]\"}, {\"name\": \"_descrizione\", \"type\": \"string\"}, {\"name\": \"_attrezzature\", \"type\": \"string[]\"}, {\"name\": \"_quantita_attr\", \"type\": \"uint256[]\"}], \"outputs\": [], \"payable\": false, \"constant\": false, \"signature\": \"0x4e7cab01\", \"stateMutability\": \"nonpayable\"}, {\"name\": \"get1\", \"type\": \"function\", \"inputs\": [{\"name\": \"_giornale\", \"type\": \"uint256\"}], \"outputs\": [{\"name\": \"\", \"type\": \"uint256[][]\"}, {\"name\": \"\", \"type\": \"string[][]\"}, {\"name\": \"\", \"type\": \"uint256[][]\"}, {\"name\": \"\", \"type\": \"uint256[]\"}], \"payable\": false, \"constant\": false, \"signature\": \"0x9c117f0f\", \"stateMutability\": \"nonpayable\"}, {\"name\": \"get2\", \"type\": \"function\", \"inputs\": [{\"name\": \"_giornale\", \"type\": \"uint256\"}], \"outputs\": [{\"name\": \"\", \"type\": \"string[][]\"}, {\"name\": \"\", \"type\": \"uint256[][]\"}, {\"name\": \"\", \"type\": \"uint256[]\"}], \"payable\": false, \"constant\": false, \"signature\": \"0x31184dc3\", \"stateMutability\": \"nonpayable\"}, {\"name\": \"get3\", \"type\": \"function\", \"inputs\": [{\"name\": \"_giornale\", \"type\": \"uint256\"}], \"outputs\": [{\"name\": \"\", \"type\": \"uint256[]\"}, {\"name\": \"\", \"type\": \"string[]\"}, {\"name\": \"\", \"type\": \"uint256[]\"}, {\"name\": \"\", \"type\": \"uint256[]\"}], \"payable\": false, \"constant\": false, \"signature\": \"0xed09d19a\", \"stateMutability\": \"nonpayable\"}, {\"name\": \"setIndirizzoMisure\", \"type\": \"function\", \"inputs\": [{\"name\": \"_indirizzo\", \"type\": \"address\"}], \"outputs\": [], \"payable\": false, \"constant\": false, \"signature\": \"0x14481ad6\", \"stateMutability\": \"nonpayable\"}, {\"name\": \"killGiornale\", \"type\": \"function\", \"inputs\": [], \"outputs\": [], \"payable\": false, \"constant\": false, \"signature\": \"0xf4ab9bbc\", \"stateMutability\": \"nonpayable\"}]','0xa8fF1f41F415636cddaE2747b85BCAc55d57Ae58',NULL),(12,'Libretto','[{\"name\": \"getRighiMaxLibretto\", \"type\": \"function\", \"inputs\": [{\"name\": \"_libretto\", \"type\": \"uint256\"}], \"outputs\": [{\"name\": \"\", \"type\": \"uint256\"}], \"payable\": false, \"constant\": false, \"signature\": \"0xd64b201c\", \"stateMutability\": \"nonpayable\"}, {\"name\": \"getLibretto\", \"type\": \"function\", \"inputs\": [], \"outputs\": [{\"name\": \"\", \"type\": \"uint256\"}], \"payable\": false, \"constant\": false, \"signature\": \"0x555292f1\", \"stateMutability\": \"nonpayable\"}, {\"name\": \"getLibrettoData\", \"type\": \"function\", \"inputs\": [{\"name\": \"_data\", \"type\": \"uint256\"}], \"outputs\": [{\"name\": \"\", \"type\": \"uint256\"}, {\"name\": \"\", \"type\": \"uint256\"}, {\"name\": \"\", \"type\": \"bool\"}], \"payable\": false, \"constant\": false, \"signature\": \"0xbb0224f3\", \"stateMutability\": \"nonpayable\"}, {\"name\": \"getLibrettoData\", \"type\": \"function\", \"inputs\": [], \"outputs\": [{\"name\": \"\", \"type\": \"uint256[]\"}, {\"name\": \"\", \"type\": \"uint256[]\"}], \"payable\": false, \"constant\": false, \"signature\": \"0xc254a753\", \"stateMutability\": \"nonpayable\"}, {\"name\": \"getRigoLibretto\", \"type\": \"function\", \"inputs\": [{\"name\": \"_libretto\", \"type\": \"uint256\"}, {\"name\": \"_rigo\", \"type\": \"uint256\"}], \"outputs\": [{\"name\": \"\", \"type\": \"uint256\"}], \"payable\": false, \"constant\": false, \"signature\": \"0x431e50a4\", \"stateMutability\": \"nonpayable\"}, {\"name\": \"finishLibretto\", \"type\": \"function\", \"inputs\": [], \"outputs\": [], \"payable\": false, \"constant\": false, \"signature\": \"0x2d2dbd27\", \"stateMutability\": \"nonpayable\"}, {\"name\": \"findCodice\", \"type\": \"function\", \"inputs\": [{\"name\": \"_libretto\", \"type\": \"uint256\"}, {\"name\": \"_rigo\", \"type\": \"uint256\"}], \"outputs\": [{\"name\": \"\", \"type\": \"string\"}], \"payable\": false, \"constant\": false, \"signature\": \"0x7d98d774\", \"stateMutability\": \"nonpayable\"}, {\"name\": \"checkSameCodice\", \"type\": \"function\", \"inputs\": [{\"name\": \"_codice\", \"type\": \"string\"}, {\"name\": \"_libretto\", \"type\": \"uint256\"}], \"outputs\": [{\"name\": \"\", \"type\": \"bool\"}], \"payable\": false, \"constant\": false, \"signature\": \"0x42829355\", \"stateMutability\": \"nonpayable\"}, {\"name\": \"checkMaggiorePercentuale\", \"type\": \"function\", \"inputs\": [{\"name\": \"_codice\", \"type\": \"string\"}, {\"name\": \"_percentuale\", \"type\": \"uint256\"}], \"outputs\": [{\"name\": \"\", \"type\": \"bool\"}], \"payable\": false, \"constant\": false, \"signature\": \"0x6ded850e\", \"stateMutability\": \"nonpayable\"}, {\"name\": \"addLibretto\", \"type\": \"function\", \"inputs\": [{\"name\": \"_codice\", \"type\": \"string\"}, {\"name\": \"_descrizione\", \"type\": \"string\"}, {\"name\": \"_percentuale\", \"type\": \"uint256\"}, {\"name\": \"_allegato\", \"type\": \"string[]\"}], \"outputs\": [], \"payable\": false, \"constant\": false, \"signature\": \"0xfbf63fb5\", \"stateMutability\": \"nonpayable\"}, {\"name\": \"updateLibretto\", \"type\": \"function\", \"inputs\": [{\"name\": \"_numero\", \"type\": \"uint256\"}, {\"name\": \"_libretto\", \"type\": \"uint256\"}, {\"name\": \"_codice\", \"type\": \"string\"}, {\"name\": \"_descrizione\", \"type\": \"string\"}, {\"name\": \"_percentuale\", \"type\": \"uint256\"}, {\"name\": \"_allegato\", \"type\": \"string[]\"}], \"outputs\": [], \"payable\": false, \"constant\": false, \"signature\": \"0x8301bb82\", \"stateMutability\": \"nonpayable\"}, {\"name\": \"checkLibrettoOk\", \"type\": \"function\", \"inputs\": [{\"name\": \"_libretto\", \"type\": \"uint256\"}], \"outputs\": [{\"name\": \"\", \"type\": \"bool\"}], \"payable\": false, \"constant\": false, \"signature\": \"0x5fe10b00\", \"stateMutability\": \"nonpayable\"}, {\"name\": \"insertFirmaDittaLibretto\", \"type\": \"function\", \"inputs\": [{\"name\": \"_rigo_libretto\", \"type\": \"uint256\"}, {\"name\": \"_libretto\", \"type\": \"uint256\"}], \"outputs\": [], \"payable\": false, \"constant\": false, \"signature\": \"0xea5479db\", \"stateMutability\": \"nonpayable\"}, {\"name\": \"insertFirmaRiservaDittaLibretto\", \"type\": \"function\", \"inputs\": [{\"name\": \"_rigo_libretto\", \"type\": \"uint256\"}, {\"name\": \"_libretto\", \"type\": \"uint256\"}], \"outputs\": [], \"payable\": false, \"constant\": false, \"signature\": \"0x689f1036\", \"stateMutability\": \"nonpayable\"}, {\"name\": \"findRighiLibretto\", \"type\": \"function\", \"inputs\": [{\"name\": \"_libretto\", \"type\": \"uint256\"}], \"outputs\": [{\"name\": \"\", \"type\": \"uint256[]\"}], \"payable\": false, \"constant\": false, \"signature\": \"0x0e824f41\", \"stateMutability\": \"nonpayable\"}, {\"name\": \"checkSovrascritto\", \"type\": \"function\", \"inputs\": [{\"name\": \"_rigo\", \"type\": \"uint256\"}], \"outputs\": [{\"name\": \"\", \"type\": \"bool\"}], \"payable\": false, \"constant\": false, \"signature\": \"0x0d4c9fdd\", \"stateMutability\": \"nonpayable\"}, {\"name\": \"getLibretti1\", \"type\": \"function\", \"inputs\": [{\"name\": \"_libretto\", \"type\": \"uint256\"}], \"outputs\": [{\"name\": \"\", \"type\": \"uint256[]\"}, {\"name\": \"\", \"type\": \"string[]\"}, {\"name\": \"\", \"type\": \"uint256[]\"}, {\"name\": \"\", \"type\": \"uint256[]\"}], \"payable\": false, \"constant\": false, \"signature\": \"0xc8f9d2c8\", \"stateMutability\": \"nonpayable\"}, {\"name\": \"getLibretti2\", \"type\": \"function\", \"inputs\": [{\"name\": \"_libretto\", \"type\": \"uint256\"}], \"outputs\": [{\"name\": \"\", \"type\": \"string[]\"}, {\"name\": \"\", \"type\": \"uint256[]\"}, {\"name\": \"\", \"type\": \"string[][]\"}, {\"name\": \"\", \"type\": \"uint256[]\"}], \"payable\": false, \"constant\": false, \"signature\": \"0x910b68b6\", \"stateMutability\": \"nonpayable\"}, {\"name\": \"setIndirizzoFirme\", \"type\": \"function\", \"inputs\": [{\"name\": \"_indirizzo\", \"type\": \"address\"}], \"outputs\": [], \"payable\": false, \"constant\": false, \"signature\": \"0xd111bfb4\", \"stateMutability\": \"nonpayable\"}, {\"name\": \"setIndirizzoRiserve\", \"type\": \"function\", \"inputs\": [{\"name\": \"_indirizzo\", \"type\": \"address\"}], \"outputs\": [], \"payable\": false, \"constant\": false, \"signature\": \"0x6fff351c\", \"stateMutability\": \"nonpayable\"}, {\"name\": \"setIndirizzoMisure\", \"type\": \"function\", \"inputs\": [{\"name\": \"_indirizzo\", \"type\": \"address\"}], \"outputs\": [], \"payable\": false, \"constant\": false, \"signature\": \"0x14481ad6\", \"stateMutability\": \"nonpayable\"}, {\"name\": \"killLibretto\", \"type\": \"function\", \"inputs\": [], \"outputs\": [], \"payable\": false, \"constant\": false, \"signature\": \"0xc1343a36\", \"stateMutability\": \"nonpayable\"}]','0x821269C23A7b9AAFd737C19a6fc4889ca0C31bEf',NULL),(13,'Registro','[{\"name\": \"getRegistro\", \"type\": \"function\", \"inputs\": [], \"outputs\": [{\"name\": \"\", \"type\": \"uint256\"}], \"payable\": false, \"constant\": false, \"signature\": \"0x1de55c8a\", \"stateMutability\": \"nonpayable\"}, {\"name\": \"getRegistroData\", \"type\": \"function\", \"inputs\": [{\"name\": \"_data\", \"type\": \"uint256\"}], \"outputs\": [{\"name\": \"\", \"type\": \"uint256\"}, {\"name\": \"\", \"type\": \"uint256\"}], \"payable\": false, \"constant\": false, \"signature\": \"0x2fecd327\", \"stateMutability\": \"nonpayable\"}, {\"name\": \"getRegistroData\", \"type\": \"function\", \"inputs\": [], \"outputs\": [{\"name\": \"\", \"type\": \"uint256[]\"}, {\"name\": \"\", \"type\": \"uint256[]\"}], \"payable\": false, \"constant\": false, \"signature\": \"0x705b8af2\", \"stateMutability\": \"nonpayable\"}, {\"name\": \"findRegistri\", \"type\": \"function\", \"inputs\": [], \"outputs\": [{\"name\": \"\", \"type\": \"string[]\"}, {\"name\": \"\", \"type\": \"uint256[]\"}, {\"name\": \"\", \"type\": \"uint256[]\"}], \"payable\": false, \"constant\": false, \"signature\": \"0x72927f42\", \"stateMutability\": \"nonpayable\"}, {\"name\": \"findContenuto\", \"type\": \"function\", \"inputs\": [{\"name\": \"_registro\", \"type\": \"uint256\"}, {\"name\": \"_rigo\", \"type\": \"uint256\"}], \"outputs\": [{\"name\": \"\", \"type\": \"uint256\"}, {\"name\": \"\", \"type\": \"uint256\"}, {\"name\": \"\", \"type\": \"uint256\"}, {\"name\": \"\", \"type\": \"uint256\"}], \"payable\": false, \"constant\": false, \"signature\": \"0xe5530b11\", \"stateMutability\": \"nonpayable\"}, {\"name\": \"enableRegistroContabilita\", \"type\": \"function\", \"inputs\": [], \"outputs\": [], \"payable\": false, \"constant\": false, \"signature\": \"0x90789e10\", \"stateMutability\": \"nonpayable\"}, {\"name\": \"checkSuperata\", \"type\": \"function\", \"inputs\": [{\"name\": \"_tot\", \"type\": \"uint256\"}], \"outputs\": [{\"name\": \"\", \"type\": \"bool\"}], \"payable\": false, \"constant\": false, \"signature\": \"0xeda6da21\", \"stateMutability\": \"nonpayable\"}, {\"name\": \"getRegistri1\", \"type\": \"function\", \"inputs\": [{\"name\": \"_registro\", \"type\": \"uint256\"}], \"outputs\": [{\"name\": \"\", \"type\": \"uint256[]\"}, {\"name\": \"\", \"type\": \"uint256[]\"}, {\"name\": \"\", \"type\": \"uint256[]\"}, {\"name\": \"\", \"type\": \"uint256[]\"}], \"payable\": false, \"constant\": false, \"signature\": \"0x2ee04fd4\", \"stateMutability\": \"nonpayable\"}, {\"name\": \"getRegistri2\", \"type\": \"function\", \"inputs\": [{\"name\": \"_registro\", \"type\": \"uint256\"}], \"outputs\": [{\"name\": \"\", \"type\": \"uint256[]\"}, {\"name\": \"\", \"type\": \"uint256[]\"}, {\"name\": \"\", \"type\": \"uint256[]\"}, {\"name\": \"\", \"type\": \"uint256[]\"}], \"payable\": false, \"constant\": false, \"signature\": \"0x04b59bc0\", \"stateMutability\": \"nonpayable\"}, {\"name\": \"getRegistri3\", \"type\": \"function\", \"inputs\": [{\"name\": \"_registro\", \"type\": \"uint256\"}], \"outputs\": [{\"name\": \"\", \"type\": \"string[]\"}, {\"name\": \"\", \"type\": \"string[]\"}], \"payable\": false, \"constant\": false, \"signature\": \"0x33b564c1\", \"stateMutability\": \"nonpayable\"}, {\"name\": \"setIndirizzoLibretto\", \"type\": \"function\", \"inputs\": [{\"name\": \"_indirizzo\", \"type\": \"address\"}], \"outputs\": [], \"payable\": false, \"constant\": false, \"signature\": \"0xcb92b744\", \"stateMutability\": \"nonpayable\"}, {\"name\": \"setIndirizzoMisure\", \"type\": \"function\", \"inputs\": [{\"name\": \"_indirizzo\", \"type\": \"address\"}], \"outputs\": [], \"payable\": false, \"constant\": false, \"signature\": \"0x14481ad6\", \"stateMutability\": \"nonpayable\"}, {\"name\": \"killRegistro\", \"type\": \"function\", \"inputs\": [], \"outputs\": [], \"payable\": false, \"constant\": false, \"signature\": \"0xfb8f72c4\", \"stateMutability\": \"nonpayable\"}]','0x0a72aB7a9CFb46a026fd0CBC01fE2e6973fDfFB9',NULL),(14,'Riserve','[{\"name\": \"getRiserve1\", \"type\": \"function\", \"inputs\": [{\"name\": \"_libretto\", \"type\": \"uint256\"}], \"outputs\": [{\"name\": \"\", \"type\": \"bool[]\"}, {\"name\": \"\", \"type\": \"bool[]\"}, {\"name\": \"\", \"type\": \"bool[]\"}], \"payable\": false, \"constant\": false, \"signature\": \"0x3a8d476b\", \"stateMutability\": \"nonpayable\"}, {\"name\": \"getRiserve2\", \"type\": \"function\", \"inputs\": [{\"name\": \"_libretto\", \"type\": \"uint256\"}], \"outputs\": [{\"name\": \"\", \"type\": \"uint256[]\"}, {\"name\": \"\", \"type\": \"uint256[]\"}, {\"name\": \"\", \"type\": \"string[]\"}], \"payable\": false, \"constant\": false, \"signature\": \"0x51f9909e\", \"stateMutability\": \"nonpayable\"}, {\"name\": \"insertRiserva\", \"type\": \"function\", \"inputs\": [{\"name\": \"_descrizione\", \"type\": \"string\"}, {\"name\": \"_percentuale\", \"type\": \"uint256\"}, {\"name\": \"_rigo\", \"type\": \"uint256\"}, {\"name\": \"_libretto\", \"type\": \"uint256\"}], \"outputs\": [], \"payable\": false, \"constant\": false, \"signature\": \"0xb8264c79\", \"stateMutability\": \"nonpayable\"}, {\"name\": \"setIndirizzoLibretto\", \"type\": \"function\", \"inputs\": [{\"name\": \"_indirizzo\", \"type\": \"address\"}], \"outputs\": [], \"payable\": false, \"constant\": false, \"signature\": \"0xcb92b744\", \"stateMutability\": \"nonpayable\"}, {\"name\": \"setIndirizzoMisure\", \"type\": \"function\", \"inputs\": [{\"name\": \"_indirizzo\", \"type\": \"address\"}], \"outputs\": [], \"payable\": false, \"constant\": false, \"signature\": \"0x14481ad6\", \"stateMutability\": \"nonpayable\"}, {\"name\": \"setIndirizzoFirme\", \"type\": \"function\", \"inputs\": [{\"name\": \"_indirizzo\", \"type\": \"address\"}], \"outputs\": [], \"payable\": false, \"constant\": false, \"signature\": \"0xd111bfb4\", \"stateMutability\": \"nonpayable\"}, {\"name\": \"killRiserve\", \"type\": \"function\", \"inputs\": [], \"outputs\": [], \"payable\": false, \"constant\": false, \"signature\": \"0x1d30c0ed\", \"stateMutability\": \"nonpayable\"}]','0x17B1B323061ae794e572c327527D345961171118',NULL);
/*!40000 ALTER TABLE `contratto` ENABLE KEYS */;
UNLOCK TABLES;

--
-- Table structure for table `user_contr`
--

DROP TABLE IF EXISTS `user_contr`;
/*!40101 SET @saved_cs_client     = @@character_set_client */;
/*!50503 SET character_set_client = utf8mb4 */;
CREATE TABLE `user_contr` (
  `id_contr` int(11) NOT NULL,
  `user_id` varchar(15) NOT NULL,
  PRIMARY KEY (`id_contr`,`user_id`),
  KEY `user_contr_ibfk_2` (`user_id`),
  CONSTRAINT `user_contr_ibfk_1` FOREIGN KEY (`id_contr`) REFERENCES `contratto` (`id`),
  CONSTRAINT `user_contr_ibfk_2` FOREIGN KEY (`user_id`) REFERENCES `users` (`user_id`) ON UPDATE CASCADE
) ENGINE=InnoDB DEFAULT CHARSET=latin1;
/*!40101 SET character_set_client = @saved_cs_client */;

--
-- Dumping data for table `user_contr`
--

LOCK TABLES `user_contr` WRITE;
/*!40000 ALTER TABLE `user_contr` DISABLE KEYS */;
INSERT INTO `user_contr` VALUES (1,'dir1'),(2,'dir1'),(3,'dir1'),(4,'dir1'),(5,'dir1'),(6,'dir1'),(7,'dir1'),(8,'dir2'),(9,'dir2'),(10,'dir2'),(11,'dir2'),(12,'dir2'),(13,'dir2'),(14,'dir2'),(1,'dit1'),(2,'dit1'),(3,'dit1'),(4,'dit1'),(5,'dit1'),(6,'dit1'),(7,'dit1'),(8,'dit2'),(9,'dit2'),(10,'dit2'),(11,'dit2'),(12,'dit2'),(13,'dit2'),(14,'dit2'),(1,'rup1'),(2,'rup1'),(3,'rup1'),(4,'rup1'),(5,'rup1'),(6,'rup1'),(7,'rup1'),(8,'rup2'),(9,'rup2'),(10,'rup2'),(11,'rup2'),(12,'rup2'),(13,'rup2'),(14,'rup2');
/*!40000 ALTER TABLE `user_contr` ENABLE KEYS */;
UNLOCK TABLES;

--
-- Table structure for table `users`
--

DROP TABLE IF EXISTS `users`;
/*!40101 SET @saved_cs_client     = @@character_set_client */;
/*!50503 SET character_set_client = utf8mb4 */;
CREATE TABLE `users` (
  `user_id` varchar(15) NOT NULL,
  `nome` varchar(20) DEFAULT NULL,
  `cognome` varchar(20) DEFAULT NULL,
  `description` tinytext,
  `password` varchar(140) DEFAULT NULL,
  `url_nodo` varchar(150) DEFAULT NULL,
  `quorum_address` varchar(150) DEFAULT NULL,
  `pub_key` varchar(100) DEFAULT NULL,
  PRIMARY KEY (`user_id`)
) ENGINE=InnoDB DEFAULT CHARSET=latin1;
/*!40101 SET character_set_client = @saved_cs_client */;

--
-- Dumping data for table `users`
--

LOCK TABLES `users` WRITE;
/*!40000 ALTER TABLE `users` DISABLE KEYS */;
INSERT INTO `users` VALUES ('dir1','giacomo','poretti','direttore dei lavori del progetto 1','b109f3bbbc244eb82441917ed06d618b9008dd09b3befd1b5e07394c706a8bb980b1d7785e5976ec049b46df5f1326af5a2ea6d103fd07c95385ffab0cacbc86','http://localhost:22002','0x0fbdc686b912d7722dc86510934589e0aaf3b55a','1iTZde/ndBHvzhcl7V68x44Vx7pl8nwx9LqnM/AfJUg='),('dir2','pippo','franco','direttore dei lavori del progetto 2','b109f3bbbc244eb82441917ed06d618b9008dd09b3befd1b5e07394c706a8bb980b1d7785e5976ec049b46df5f1326af5a2ea6d103fd07c95385ffab0cacbc86','http://localhost:22002','0x0fbdc686b912d7722dc86510934589e0aaf3b55a','1iTZde/ndBHvzhcl7V68x44Vx7pl8nwx9LqnM/AfJUg='),('dit1','gianni','luce','referente ditta del progetto 1','b109f3bbbc244eb82441917ed06d618b9008dd09b3befd1b5e07394c706a8bb980b1d7785e5976ec049b46df5f1326af5a2ea6d103fd07c95385ffab0cacbc86','http://localhost:22001','0xca843569e3427144cead5e4d5999a3d0ccf92b8e','QfeDAys9MPDs2XHExtc84jKGHxZg/aj52DTh0vtA3Xc='),('dit2','michel',' platini','referente ditta del progetto 2','b109f3bbbc244eb82441917ed06d618b9008dd09b3befd1b5e07394c706a8bb980b1d7785e5976ec049b46df5f1326af5a2ea6d103fd07c95385ffab0cacbc86','http://localhost:22001','0xca843569e3427144cead5e4d5999a3d0ccf92b8e','QfeDAys9MPDs2XHExtc84jKGHxZg/aj52DTh0vtA3Xc='),('rup1','mario','rossi','rup del progetto 1','b109f3bbbc244eb82441917ed06d618b9008dd09b3befd1b5e07394c706a8bb980b1d7785e5976ec049b46df5f1326af5a2ea6d103fd07c95385ffab0cacbc86','http://localhost:22000','0xed9d02e382b34818e88b88a309c7fe71e65f419d','BULeR8JyUWhiuuCMU/HLA0Q5pzkYT+cHII3ZKBey3Bo='),('rup2','gino','bramieri','rup del progetto 2','b109f3bbbc244eb82441917ed06d618b9008dd09b3befd1b5e07394c706a8bb980b1d7785e5976ec049b46df5f1326af5a2ea6d103fd07c95385ffab0cacbc86','http://localhost:22000','0xed9d02e382b34818e88b88a309c7fe71e65f419d','BULeR8JyUWhiuuCMU/HLA0Q5pzkYT+cHII3ZKBey3Bo=');
/*!40000 ALTER TABLE `users` ENABLE KEYS */;
UNLOCK TABLES;
/*!40103 SET TIME_ZONE=@OLD_TIME_ZONE */;

/*!40101 SET SQL_MODE=@OLD_SQL_MODE */;
/*!40014 SET FOREIGN_KEY_CHECKS=@OLD_FOREIGN_KEY_CHECKS */;
/*!40014 SET UNIQUE_CHECKS=@OLD_UNIQUE_CHECKS */;
/*!40101 SET CHARACTER_SET_CLIENT=@OLD_CHARACTER_SET_CLIENT */;
/*!40101 SET CHARACTER_SET_RESULTS=@OLD_CHARACTER_SET_RESULTS */;
/*!40101 SET COLLATION_CONNECTION=@OLD_COLLATION_CONNECTION */;
/*!40111 SET SQL_NOTES=@OLD_SQL_NOTES */;

-- Dump completed on 2019-09-06 22:52:26
